customer_id,age,gender
C0000000001,42,Prefer not to say
C0000000002,20,Nonbinary
C0000000003,50,Prefer not to say
C0000000004,43,Nonbinary
C0000000005,48,Nonbinary
C0000000006,55,Female
C0000000007,50,Female
C0000000008,36,Female
C0000000009,24,Nonbinary
C0000000010,52,Female
C0000000011,37,Male
C0000000012,64,Male
C0000000013,61,Nonbinary
C0000000014,48,Male
C0000000015,40,Prefer not to say
C0000000016,38,Female
C0000000017,53,Prefer not to say
C0000000018,46,Nonbinary
C0000000019,21,Male
C0000000020,23,Prefer not to say
C0000000021,63,Male
C0000000022,57,Prefer not to say
C0000000023,39,Female
C0000000024,64,Nonbinary
C0000000025,63,Male
C0000000026,30,Female
C0000000027,33,Female
C0000000028,52,Prefer not to say
C0000000029,23,Male
C0000000030,38,Prefer not to say
C0000000031,24,Nonbinary
C0000000032,53,Nonbinary
C0000000033,63,Male
C0000000034,53,Nonbinary
C0000000035,52,Female
C0000000036,56,Nonbinary
C0000000037,46,Male
C0000000038,56,Prefer not to say
C0000000039,38,Female
C0000000040,36,Female
C0000000041,30,Female
C0000000042,20,Nonbinary
C0000000043,48,Male
C0000000044,23,Female
C0000000045,27,Male
C0000000046,23,Prefer not to say
C0000000047,63,Nonbinary
C0000000048,51,Female
C0000000049,31,Prefer not to say
C0000000050,55,Nonbinary
C0000000051,46,Prefer not to say
C0000000052,60,Nonbinary
C0000000053,23,Nonbinary
C0000000054,57,Male
C0000000055,49,Nonbinary
C0000000056,30,Female
C0000000057,19,Nonbinary
C0000000058,25,Female
C0000000059,41,Female
C0000000060,39,Prefer not to say
C0000000061,21,Male
C0000000062,27,Female
C0000000063,20,Male
C0000000064,19,Male
C0000000065,58,Female
C0000000066,56,Male
C0000000067,43,Male
C0000000068,41,Male
C0000000069,20,Male
C0000000070,30,Female
C0000000071,63,Male
C0000000072,48,Female
C0000000073,64,Male
C0000000074,61,Male
C0000000075,52,Prefer not to say
C0000000076,57,Male
C0000000077,34,Male
C0000000078,32,Male
C0000000079,59,Nonbinary
C0000000080,40,Prefer not to say
C0000000081,29,Male
C0000000082,50,Prefer not to say
C0000000083,20,Male
C0000000084,62,Prefer not to say
C0000000085,30,Nonbinary
C0000000086,40,Prefer not to say
C0000000087,54,Female
C0000000088,62,Female
C0000000089,21,Female
C0000000090,28,Nonbinary
C0000000091,51,Nonbinary
C0000000092,25,Prefer not to say
C0000000093,60,Female
C0000000094,18,Prefer not to say
C0000000095,61,Prefer not to say
C0000000096,54,Nonbinary
C0000000097,59,Nonbinary
C0000000098,42,Nonbinary
C0000000099,27,Male
C0000000100,47,Male
C0000000101,39,Male
C0000000102,52,Nonbinary
C0000000103,26,Female
C0000000104,48,Nonbinary
C0000000105,57,Nonbinary
C0000000106,61,Nonbinary
C0000000107,55,Female
C0000000108,63,Nonbinary
C0000000109,42,Prefer not to say
C0000000110,59,Male
C0000000111,18,Female
C0000000112,62,Nonbinary
C0000000113,28,Female
C0000000114,32,Prefer not to say
C0000000115,42,Prefer not to say
C0000000116,20,Prefer not to say
C0000000117,62,Prefer not to say
C0000000118,60,Male
C0000000119,28,Prefer not to say
C0000000120,22,Nonbinary
C0000000121,62,Female
C0000000122,46,Prefer not to say
C0000000123,53,Male
C0000000124,20,Prefer not to say
C0000000125,38,Nonbinary
C0000000126,47,Male
C0000000127,44,Female
C0000000128,53,Male
C0000000129,64,Female
C0000000130,18,Prefer not to say
C0000000131,61,Prefer not to say
C0000000132,38,Male
C0000000133,31,Male
C0000000134,63,Male
C0000000135,61,Male
C0000000136,30,Male
C0000000137,56,Female
C0000000138,37,Nonbinary
C0000000139,62,Female
C0000000140,24,Prefer not to say
C0000000141,43,Male
C0000000142,19,Nonbinary
C0000000143,46,Male
C0000000144,34,Female
C0000000145,59,Nonbinary
C0000000146,25,Female
C0000000147,35,Male
C0000000148,20,Male
C0000000149,31,Nonbinary
C0000000150,53,Nonbinary
C0000000151,41,Male
C0000000152,65,Prefer not to say
C0000000153,63,Prefer not to say
C0000000154,58,Prefer not to say
C0000000155,41,Female
C0000000156,31,Prefer not to say
C0000000157,55,Nonbinary
C0000000158,18,Female
C0000000159,27,Nonbinary
C0000000160,39,Nonbinary
C0000000161,41,Male
C0000000162,39,Male
C0000000163,20,Nonbinary
C0000000164,28,Female
C0000000165,55,Nonbinary
C0000000166,41,Prefer not to say
C0000000167,53,Female
C0000000168,36,Male
C0000000169,48,Female
C0000000170,21,Nonbinary
C0000000171,29,Male
C0000000172,37,Prefer not to say
C0000000173,39,Nonbinary
C0000000174,44,Male
C0000000175,24,Prefer not to say
C0000000176,48,Nonbinary
C0000000177,39,Male
C0000000178,48,Male
C0000000179,62,Prefer not to say
C0000000180,45,Male
C0000000181,37,Nonbinary
C0000000182,65,Female
C0000000183,28,Prefer not to say
C0000000184,58,Male
C0000000185,22,Male
C0000000186,30,Female
C0000000187,21,Prefer not to say
C0000000188,18,Male
C0000000189,43,Nonbinary
C0000000190,46,Prefer not to say
C0000000191,55,Female
C0000000192,45,Male
C0000000193,41,Female
C0000000194,34,Female
C0000000195,45,Female
C0000000196,40,Male
C0000000197,22,Male
C0000000198,51,Prefer not to say
C0000000199,61,Female
C0000000200,25,Prefer not to say
C0000000201,43,Nonbinary
C0000000202,31,Male
C0000000203,31,Female
C0000000204,24,Female
C0000000205,47,Prefer not to say
C0000000206,41,Female
C0000000207,24,Prefer not to say
C0000000208,27,Prefer not to say
C0000000209,58,Prefer not to say
C0000000210,51,Prefer not to say
C0000000211,61,Nonbinary
C0000000212,49,Prefer not to say
C0000000213,58,Female
C0000000214,52,Female
C0000000215,18,Nonbinary
C0000000216,63,Nonbinary
C0000000217,38,Male
C0000000218,51,Female
C0000000219,34,Female
C0000000220,42,Nonbinary
C0000000221,63,Prefer not to say
C0000000222,22,Male
C0000000223,51,Male
C0000000224,22,Female
C0000000225,26,Male
C0000000226,37,Male
C0000000227,46,Nonbinary
C0000000228,28,Female
C0000000229,59,Prefer not to say
C0000000230,41,Prefer not to say
C0000000231,51,Male
C0000000232,54,Male
C0000000233,61,Male
C0000000234,65,Prefer not to say
C0000000235,31,Nonbinary
C0000000236,52,Prefer not to say
C0000000237,48,Prefer not to say
C0000000238,56,Female
C0000000239,19,Male
C0000000240,65,Female
C0000000241,37,Nonbinary
C0000000242,39,Male
C0000000243,49,Nonbinary
C0000000244,37,Prefer not to say
C0000000245,42,Prefer not to say
C0000000246,21,Female
C0000000247,59,Female
C0000000248,33,Nonbinary
C0000000249,64,Nonbinary
C0000000250,21,Male
C0000000251,48,Prefer not to say
C0000000252,27,Prefer not to say
C0000000253,56,Male
C0000000254,61,Female
C0000000255,40,Prefer not to say
C0000000256,20,Prefer not to say
C0000000257,42,Prefer not to say
C0000000258,21,Male
C0000000259,48,Female
C0000000260,19,Male
C0000000261,56,Female
C0000000262,58,Nonbinary
C0000000263,24,Nonbinary
C0000000264,30,Prefer not to say
C0000000265,49,Male
C0000000266,21,Prefer not to say
C0000000267,57,Nonbinary
C0000000268,59,Male
C0000000269,61,Nonbinary
C0000000270,26,Prefer not to say
C0000000271,36,Male
C0000000272,51,Female
C0000000273,20,Prefer not to say
C0000000274,46,Nonbinary
C0000000275,30,Prefer not to say
C0000000276,40,Male
C0000000277,20,Male
C0000000278,49,Nonbinary
C0000000279,19,Female
C0000000280,32,Male
C0000000281,58,Prefer not to say
C0000000282,50,Nonbinary
C0000000283,25,Female
C0000000284,45,Prefer not to say
C0000000285,23,Male
C0000000286,44,Male
C0000000287,24,Prefer not to say
C0000000288,27,Male
C0000000289,46,Prefer not to say
C0000000290,61,Prefer not to say
C0000000291,19,Prefer not to say
C0000000292,38,Nonbinary
C0000000293,23,Nonbinary
C0000000294,22,Male
C0000000295,40,Male
C0000000296,40,Nonbinary
C0000000297,29,Male
C0000000298,32,Nonbinary
C0000000299,22,Female
C0000000300,31,Male
C0000000301,31,Male
C0000000302,65,Male
C0000000303,36,Nonbinary
C0000000304,62,Male
C0000000305,56,Female
C0000000306,27,Female
C0000000307,47,Male
C0000000308,48,Nonbinary
C0000000309,63,Nonbinary
C0000000310,26,Male
C0000000311,31,Nonbinary
C0000000312,39,Prefer not to say
C0000000313,36,Nonbinary
C0000000314,53,Nonbinary
C0000000315,29,Male
C0000000316,24,Nonbinary
C0000000317,28,Prefer not to say
C0000000318,27,Female
C0000000319,32,Nonbinary
C0000000320,50,Female
C0000000321,33,Female
C0000000322,36,Nonbinary
C0000000323,44,Male
C0000000324,26,Male
C0000000325,43,Male
C0000000326,62,Male
C0000000327,26,Prefer not to say
C0000000328,37,Prefer not to say
C0000000329,65,Female
C0000000330,55,Prefer not to say
C0000000331,37,Nonbinary
C0000000332,23,Female
C0000000333,46,Nonbinary
C0000000334,58,Male
C0000000335,42,Prefer not to say
C0000000336,18,Prefer not to say
C0000000337,64,Nonbinary
C0000000338,46,Female
C0000000339,41,Nonbinary
C0000000340,48,Male
C0000000341,29,Male
C0000000342,35,Male
C0000000343,53,Female
C0000000344,62,Prefer not to say
C0000000345,43,Female
C0000000346,44,Prefer not to say
C0000000347,29,Female
C0000000348,47,Nonbinary
C0000000349,51,Female
C0000000350,40,Prefer not to say
C0000000351,58,Male
C0000000352,48,Female
C0000000353,36,Male
C0000000354,62,Prefer not to say
C0000000355,57,Prefer not to say
C0000000356,18,Female
C0000000357,37,Male
C0000000358,58,Nonbinary
C0000000359,52,Female
C0000000360,45,Prefer not to say
C0000000361,23,Prefer not to say
C0000000362,32,Prefer not to say
C0000000363,35,Male
C0000000364,25,Nonbinary
C0000000365,60,Male
C0000000366,18,Nonbinary
C0000000367,43,Prefer not to say
C0000000368,46,Male
C0000000369,65,Nonbinary
C0000000370,40,Nonbinary
C0000000371,61,Female
C0000000372,56,Male
C0000000373,20,Male
C0000000374,34,Nonbinary
C0000000375,52,Nonbinary
C0000000376,25,Female
C0000000377,28,Male
C0000000378,44,Nonbinary
C0000000379,36,Female
C0000000380,54,Female
C0000000381,52,Male
C0000000382,44,Prefer not to say
C0000000383,65,Nonbinary
C0000000384,36,Prefer not to say
C0000000385,41,Female
C0000000386,28,Male
C0000000387,62,Male
C0000000388,42,Prefer not to say
C0000000389,55,Prefer not to say
C0000000390,26,Nonbinary
C0000000391,40,Prefer not to say
C0000000392,65,Prefer not to say
C0000000393,31,Prefer not to say
C0000000394,49,Nonbinary
C0000000395,49,Male
C0000000396,46,Nonbinary
C0000000397,27,Prefer not to say
C0000000398,21,Female
C0000000399,19,Nonbinary
C0000000400,48,Prefer not to say
C0000000401,18,Male
C0000000402,61,Male
C0000000403,61,Prefer not to say
C0000000404,18,Nonbinary
C0000000405,20,Male
C0000000406,57,Male
C0000000407,35,Nonbinary
C0000000408,64,Female
C0000000409,27,Nonbinary
C0000000410,30,Male
C0000000411,45,Prefer not to say
C0000000412,63,Nonbinary
C0000000413,42,Female
C0000000414,39,Prefer not to say
C0000000415,59,Prefer not to say
C0000000416,27,Prefer not to say
C0000000417,63,Female
C0000000418,51,Nonbinary
C0000000419,26,Female
C0000000420,29,Prefer not to say
C0000000421,40,Prefer not to say
C0000000422,45,Prefer not to say
C0000000423,42,Female
C0000000424,30,Prefer not to say
C0000000425,31,Male
C0000000426,42,Male
C0000000427,32,Male
C0000000428,29,Nonbinary
C0000000429,21,Female
C0000000430,32,Nonbinary
C0000000431,57,Male
C0000000432,63,Nonbinary
C0000000433,40,Prefer not to say
C0000000434,47,Male
C0000000435,58,Prefer not to say
C0000000436,55,Prefer not to say
C0000000437,49,Nonbinary
C0000000438,63,Prefer not to say
C0000000439,31,Nonbinary
C0000000440,35,Male
C0000000441,20,Male
C0000000442,28,Nonbinary
C0000000443,18,Nonbinary
C0000000444,59,Male
C0000000445,26,Male
C0000000446,45,Female
C0000000447,56,Prefer not to say
C0000000448,53,Female
C0000000449,47,Female
C0000000450,39,Male
C0000000451,56,Male
C0000000452,38,Nonbinary
C0000000453,52,Prefer not to say
C0000000454,38,Nonbinary
C0000000455,19,Male
C0000000456,30,Nonbinary
C0000000457,23,Female
C0000000458,51,Nonbinary
C0000000459,30,Female
C0000000460,34,Nonbinary
C0000000461,37,Prefer not to say
C0000000462,34,Prefer not to say
C0000000463,40,Female
C0000000464,20,Nonbinary
C0000000465,53,Male
C0000000466,18,Prefer not to say
C0000000467,49,Prefer not to say
C0000000468,21,Prefer not to say
C0000000469,49,Prefer not to say
C0000000470,46,Male
C0000000471,23,Male
C0000000472,33,Male
C0000000473,27,Prefer not to say
C0000000474,31,Prefer not to say
C0000000475,57,Male
C0000000476,45,Prefer not to say
C0000000477,20,Female
C0000000478,33,Prefer not to say
C0000000479,32,Female
C0000000480,35,Nonbinary
C0000000481,38,Prefer not to say
C0000000482,24,Nonbinary
C0000000483,57,Female
C0000000484,63,Nonbinary
C0000000485,46,Prefer not to say
C0000000486,52,Nonbinary
C0000000487,35,Female
C0000000488,19,Male
C0000000489,57,Male
C0000000490,29,Prefer not to say
C0000000491,33,Female
C0000000492,36,Male
C0000000493,65,Prefer not to say
C0000000494,21,Male
C0000000495,42,Nonbinary
C0000000496,25,Nonbinary
C0000000497,32,Nonbinary
C0000000498,32,Female
C0000000499,22,Nonbinary
C0000000500,61,Nonbinary
C0000000501,32,Nonbinary
C0000000502,58,Prefer not to say
C0000000503,36,Female
C0000000504,26,Male
C0000000505,53,Nonbinary
C0000000506,41,Male
C0000000507,26,Prefer not to say
C0000000508,27,Female
C0000000509,50,Male
C0000000510,26,Female
C0000000511,49,Female
C0000000512,33,Female
C0000000513,32,Prefer not to say
C0000000514,40,Female
C0000000515,58,Prefer not to say
C0000000516,24,Male
C0000000517,51,Nonbinary
C0000000518,49,Prefer not to say
C0000000519,37,Male
C0000000520,32,Female
C0000000521,60,Prefer not to say
C0000000522,65,Prefer not to say
C0000000523,52,Nonbinary
C0000000524,63,Male
C0000000525,34,Female
C0000000526,56,Prefer not to say
C0000000527,63,Female
C0000000528,38,Nonbinary
C0000000529,42,Male
C0000000530,31,Male
C0000000531,38,Female
C0000000532,39,Prefer not to say
C0000000533,60,Female
C0000000534,34,Nonbinary
C0000000535,60,Female
C0000000536,37,Male
C0000000537,40,Male
C0000000538,64,Female
C0000000539,40,Male
C0000000540,49,Male
C0000000541,19,Female
C0000000542,20,Male
C0000000543,32,Nonbinary
C0000000544,22,Male
C0000000545,40,Prefer not to say
C0000000546,26,Female
C0000000547,46,Prefer not to say
C0000000548,27,Nonbinary
C0000000549,37,Female
C0000000550,59,Nonbinary
C0000000551,64,Prefer not to say
C0000000552,42,Male
C0000000553,44,Nonbinary
C0000000554,52,Prefer not to say
C0000000555,20,Male
C0000000556,44,Prefer not to say
C0000000557,28,Male
C0000000558,50,Female
C0000000559,57,Female
C0000000560,23,Nonbinary
C0000000561,33,Female
C0000000562,33,Male
C0000000563,28,Female
C0000000564,63,Male
C0000000565,45,Male
C0000000566,57,Prefer not to say
C0000000567,63,Female
C0000000568,57,Male
C0000000569,34,Nonbinary
C0000000570,65,Prefer not to say
C0000000571,19,Male
C0000000572,49,Male
C0000000573,40,Nonbinary
C0000000574,60,Female
C0000000575,47,Female
C0000000576,50,Nonbinary
C0000000577,28,Prefer not to say
C0000000578,39,Nonbinary
C0000000579,49,Prefer not to say
C0000000580,18,Nonbinary
C0000000581,51,Nonbinary
C0000000582,53,Prefer not to say
C0000000583,20,Nonbinary
C0000000584,61,Male
C0000000585,47,Prefer not to say
C0000000586,64,Male
C0000000587,43,Nonbinary
C0000000588,49,Male
C0000000589,19,Nonbinary
C0000000590,65,Male
C0000000591,34,Nonbinary
C0000000592,61,Female
C0000000593,51,Nonbinary
C0000000594,42,Nonbinary
C0000000595,31,Male
C0000000596,54,Nonbinary
C0000000597,33,Nonbinary
C0000000598,28,Female
C0000000599,39,Male
C0000000600,55,Male
C0000000601,54,Female
C0000000602,40,Nonbinary
C0000000603,36,Nonbinary
C0000000604,38,Prefer not to say
C0000000605,43,Prefer not to say
C0000000606,28,Male
C0000000607,27,Male
C0000000608,46,Female
C0000000609,39,Male
C0000000610,64,Prefer not to say
C0000000611,60,Nonbinary
C0000000612,65,Female
C0000000613,22,Prefer not to say
C0000000614,35,Female
C0000000615,51,Female
C0000000616,22,Female
C0000000617,55,Male
C0000000618,50,Prefer not to say
C0000000619,45,Nonbinary
C0000000620,37,Nonbinary
C0000000621,18,Prefer not to say
C0000000622,63,Nonbinary
C0000000623,34,Nonbinary
C0000000624,39,Female
C0000000625,63,Prefer not to say
C0000000626,27,Male
C0000000627,50,Female
C0000000628,60,Prefer not to say
C0000000629,41,Prefer not to say
C0000000630,20,Prefer not to say
C0000000631,58,Female
C0000000632,19,Nonbinary
C0000000633,51,Female
C0000000634,61,Female
C0000000635,58,Nonbinary
C0000000636,58,Prefer not to say
C0000000637,19,Female
C0000000638,54,Female
C0000000639,35,Female
C0000000640,44,Male
C0000000641,54,Prefer not to say
C0000000642,33,Prefer not to say
C0000000643,50,Male
C0000000644,30,Female
C0000000645,46,Male
C0000000646,45,Prefer not to say
C0000000647,35,Nonbinary
C0000000648,45,Nonbinary
C0000000649,57,Nonbinary
C0000000650,23,Nonbinary
C0000000651,19,Prefer not to say
C0000000652,18,Nonbinary
C0000000653,30,Prefer not to say
C0000000654,42,Prefer not to say
C0000000655,58,Prefer not to say
C0000000656,62,Male
C0000000657,55,Prefer not to say
C0000000658,40,Female
C0000000659,54,Nonbinary
C0000000660,38,Male
C0000000661,43,Prefer not to say
C0000000662,51,Female
C0000000663,20,Male
C0000000664,54,Nonbinary
C0000000665,41,Male
C0000000666,22,Female
C0000000667,63,Male
C0000000668,60,Prefer not to say
C0000000669,20,Nonbinary
C0000000670,19,Nonbinary
C0000000671,43,Female
C0000000672,58,Nonbinary
C0000000673,44,Female
C0000000674,56,Female
C0000000675,43,Nonbinary
C0000000676,50,Male
C0000000677,28,Female
C0000000678,26,Prefer not to say
C0000000679,63,Male
C0000000680,64,Male
C0000000681,53,Prefer not to say
C0000000682,29,Nonbinary
C0000000683,55,Male
C0000000684,23,Female
C0000000685,34,Female
C0000000686,34,Nonbinary
C0000000687,62,Nonbinary
C0000000688,34,Prefer not to say
C0000000689,27,Prefer not to say
C0000000690,53,Female
C0000000691,20,Female
C0000000692,59,Male
C0000000693,38,Male
C0000000694,30,Prefer not to say
C0000000695,57,Female
C0000000696,47,Female
C0000000697,63,Nonbinary
C0000000698,59,Female
C0000000699,48,Male
C0000000700,52,Male
C0000000701,51,Nonbinary
C0000000702,18,Male
C0000000703,24,Prefer not to say
C0000000704,56,Nonbinary
C0000000705,54,Prefer not to say
C0000000706,39,Prefer not to say
C0000000707,50,Nonbinary
C0000000708,58,Male
C0000000709,26,Nonbinary
C0000000710,19,Female
C0000000711,64,Female
C0000000712,19,Nonbinary
C0000000713,56,Female
C0000000714,20,Prefer not to say
C0000000715,59,Male
C0000000716,62,Nonbinary
C0000000717,42,Male
C0000000718,56,Female
C0000000719,40,Male
C0000000720,44,Male
C0000000721,46,Nonbinary
C0000000722,56,Nonbinary
C0000000723,61,Nonbinary
C0000000724,54,Prefer not to say
C0000000725,44,Female
C0000000726,19,Prefer not to say
C0000000727,34,Female
C0000000728,42,Male
C0000000729,40,Male
C0000000730,25,Male
C0000000731,40,Male
C0000000732,29,Prefer not to say
C0000000733,57,Male
C0000000734,38,Prefer not to say
C0000000735,53,Prefer not to say
C0000000736,48,Male
C0000000737,21,Prefer not to say
C0000000738,34,Male
C0000000739,59,Male
C0000000740,23,Nonbinary
C0000000741,40,Male
C0000000742,48,Male
C0000000743,27,Nonbinary
C0000000744,20,Male
C0000000745,42,Nonbinary
C0000000746,28,Female
C0000000747,28,Female
C0000000748,28,Female
C0000000749,57,Nonbinary
C0000000750,19,Prefer not to say
C0000000751,58,Prefer not to say
C0000000752,20,Female
C0000000753,33,Nonbinary
C0000000754,39,Female
C0000000755,33,Nonbinary
C0000000756,32,Female
C0000000757,44,Prefer not to say
C0000000758,41,Female
C0000000759,42,Male
C0000000760,28,Male
C0000000761,61,Prefer not to say
C0000000762,63,Female
C0000000763,27,Male
C0000000764,19,Nonbinary
C0000000765,50,Male
C0000000766,20,Male
C0000000767,25,Female
C0000000768,27,Prefer not to say
C0000000769,19,Prefer not to say
C0000000770,45,Nonbinary
C0000000771,63,Female
C0000000772,26,Nonbinary
C0000000773,50,Female
C0000000774,52,Prefer not to say
C0000000775,22,Female
C0000000776,44,Nonbinary
C0000000777,24,Prefer not to say
C0000000778,45,Female
C0000000779,48,Prefer not to say
C0000000780,32,Prefer not to say
C0000000781,33,Prefer not to say
C0000000782,43,Male
C0000000783,34,Nonbinary
C0000000784,51,Nonbinary
C0000000785,52,Male
C0000000786,56,Prefer not to say
C0000000787,33,Nonbinary
C0000000788,20,Nonbinary
C0000000789,43,Male
C0000000790,52,Male
C0000000791,27,Prefer not to say
C0000000792,19,Prefer not to say
C0000000793,64,Prefer not to say
C0000000794,45,Male
C0000000795,63,Prefer not to say
C0000000796,56,Prefer not to say
C0000000797,28,Female
C0000000798,39,Prefer not to say
C0000000799,44,Female
C0000000800,55,Nonbinary
C0000000801,50,Male
C0000000802,41,Nonbinary
C0000000803,27,Nonbinary
C0000000804,48,Male
C0000000805,30,Nonbinary
C0000000806,29,Nonbinary
C0000000807,36,Prefer not to say
C0000000808,58,Male
C0000000809,36,Prefer not to say
C0000000810,20,Prefer not to say
C0000000811,35,Prefer not to say
C0000000812,64,Female
C0000000813,40,Female
C0000000814,26,Male
C0000000815,57,Nonbinary
C0000000816,28,Male
C0000000817,45,Prefer not to say
C0000000818,47,Male
C0000000819,59,Male
C0000000820,45,Female
C0000000821,28,Female
C0000000822,31,Female
C0000000823,32,Male
C0000000824,51,Female
C0000000825,49,Nonbinary
C0000000826,57,Nonbinary
C0000000827,63,Nonbinary
C0000000828,61,Male
C0000000829,44,Nonbinary
C0000000830,28,Nonbinary
C0000000831,58,Nonbinary
C0000000832,52,Female
C0000000833,42,Nonbinary
C0000000834,33,Prefer not to say
C0000000835,40,Prefer not to say
C0000000836,48,Nonbinary
C0000000837,44,Prefer not to say
C0000000838,24,Female
C0000000839,27,Male
C0000000840,55,Male
C0000000841,62,Female
C0000000842,56,Male
C0000000843,35,Female
C0000000844,42,Male
C0000000845,20,Male
C0000000846,25,Nonbinary
C0000000847,64,Prefer not to say
C0000000848,38,Male
C0000000849,61,Prefer not to say
C0000000850,41,Nonbinary
C0000000851,60,Prefer not to say
C0000000852,32,Female
C0000000853,53,Male
C0000000854,50,Female
C0000000855,19,Female
C0000000856,51,Prefer not to say
C0000000857,56,Female
C0000000858,46,Prefer not to say
C0000000859,34,Male
C0000000860,55,Female
C0000000861,42,Female
C0000000862,46,Male
C0000000863,42,Male
C0000000864,59,Prefer not to say
C0000000865,39,Female
C0000000866,50,Prefer not to say
C0000000867,20,Prefer not to say
C0000000868,57,Male
C0000000869,35,Prefer not to say
C0000000870,53,Prefer not to say
C0000000871,48,Nonbinary
C0000000872,29,Female
C0000000873,52,Nonbinary
C0000000874,28,Nonbinary
C0000000875,56,Female
C0000000876,47,Male
C0000000877,22,Prefer not to say
C0000000878,43,Prefer not to say
C0000000879,53,Male
C0000000880,34,Prefer not to say
C0000000881,32,Male
C0000000882,36,Female
C0000000883,41,Male
C0000000884,26,Male
C0000000885,60,Female
C0000000886,55,Female
C0000000887,18,Male
C0000000888,43,Prefer not to say
C0000000889,63,Male
C0000000890,48,Nonbinary
C0000000891,39,Male
C0000000892,61,Male
C0000000893,33,Female
C0000000894,49,Nonbinary
C0000000895,35,Female
C0000000896,18,Prefer not to say
C0000000897,40,Nonbinary
C0000000898,23,Male
C0000000899,37,Prefer not to say
C0000000900,32,Nonbinary
C0000000901,42,Female
C0000000902,32,Nonbinary
C0000000903,30,Prefer not to say
C0000000904,60,Nonbinary
C0000000905,36,Prefer not to say
C0000000906,57,Female
C0000000907,25,Prefer not to say
C0000000908,40,Prefer not to say
C0000000909,32,Nonbinary
C0000000910,58,Nonbinary
C0000000911,45,Nonbinary
C0000000912,40,Prefer not to say
C0000000913,63,Nonbinary
C0000000914,24,Prefer not to say
C0000000915,36,Male
C0000000916,46,Female
C0000000917,40,Female
C0000000918,65,Female
C0000000919,39,Prefer not to say
C0000000920,32,Male
C0000000921,61,Prefer not to say
C0000000922,42,Prefer not to say
C0000000923,50,Prefer not to say
C0000000924,54,Female
C0000000925,61,Prefer not to say
C0000000926,50,Nonbinary
C0000000927,49,Female
C0000000928,38,Male
C0000000929,23,Prefer not to say
C0000000930,38,Prefer not to say
C0000000931,32,Prefer not to say
C0000000932,21,Male
C0000000933,44,Male
C0000000934,34,Female
C0000000935,64,Nonbinary
C0000000936,29,Male
C0000000937,29,Nonbinary
C0000000938,19,Female
C0000000939,20,Male
C0000000940,42,Male
C0000000941,26,Male
C0000000942,56,Female
C0000000943,23,Prefer not to say
C0000000944,30,Male
C0000000945,51,Prefer not to say
C0000000946,22,Female
C0000000947,32,Female
C0000000948,44,Prefer not to say
C0000000949,48,Male
C0000000950,45,Female
C0000000951,42,Male
C0000000952,57,Nonbinary
C0000000953,19,Nonbinary
C0000000954,63,Nonbinary
C0000000955,39,Prefer not to say
C0000000956,59,Female
C0000000957,56,Male
C0000000958,34,Male
C0000000959,63,Male
C0000000960,35,Male
C0000000961,62,Female
C0000000962,57,Female
C0000000963,42,Female
C0000000964,54,Nonbinary
C0000000965,30,Prefer not to say
C0000000966,50,Male
C0000000967,53,Male
C0000000968,62,Prefer not to say
C0000000969,25,Prefer not to say
C0000000970,48,Female
C0000000971,47,Nonbinary
C0000000972,26,Prefer not to say
C0000000973,34,Prefer not to say
C0000000974,23,Nonbinary
C0000000975,32,Prefer not to say
C0000000976,33,Nonbinary
C0000000977,48,Prefer not to say
C0000000978,19,Prefer not to say
C0000000979,64,Male
C0000000980,53,Prefer not to say
C0000000981,46,Female
C0000000982,45,Female
C0000000983,34,Prefer not to say
C0000000984,48,Female
C0000000985,32,Prefer not to say
C0000000986,36,Nonbinary
C0000000987,59,Prefer not to say
C0000000988,56,Female
C0000000989,51,Male
C0000000990,30,Nonbinary
C0000000991,51,Male
C0000000992,21,Female
C0000000993,39,Male
C0000000994,39,Female
C0000000995,47,Prefer not to say
C0000000996,61,Female
C0000000997,44,Prefer not to say
C0000000998,30,Female
C0000000999,43,Male
C0000001000,39,Female
C0000001001,64,Nonbinary
C0000001002,29,Prefer not to say
C0000001003,27,Prefer not to say
C0000001004,60,Female
C0000001005,56,Prefer not to say
C0000001006,20,Female
C0000001007,49,Nonbinary
C0000001008,53,Female
C0000001009,18,Male
C0000001010,21,Female
C0000001011,33,Prefer not to say
C0000001012,61,Female
C0000001013,60,Male
C0000001014,51,Prefer not to say
C0000001015,59,Nonbinary
C0000001016,61,Nonbinary
C0000001017,49,Female
C0000001018,28,Nonbinary
C0000001019,53,Nonbinary
C0000001020,63,Prefer not to say
C0000001021,43,Prefer not to say
C0000001022,60,Nonbinary
C0000001023,47,Male
C0000001024,27,Female
C0000001025,25,Female
C0000001026,43,Prefer not to say
C0000001027,63,Female
C0000001028,41,Male
C0000001029,19,Prefer not to say
C0000001030,31,Male
C0000001031,44,Prefer not to say
C0000001032,52,Female
C0000001033,58,Male
C0000001034,60,Female
C0000001035,51,Prefer not to say
C0000001036,37,Prefer not to say
C0000001037,52,Male
C0000001038,23,Prefer not to say
C0000001039,18,Female
C0000001040,44,Nonbinary
C0000001041,37,Male
C0000001042,65,Male
C0000001043,33,Male
C0000001044,55,Nonbinary
C0000001045,27,Prefer not to say
C0000001046,34,Male
C0000001047,55,Prefer not to say
C0000001048,35,Female
C0000001049,42,Prefer not to say
C0000001050,65,Nonbinary
C0000001051,32,Nonbinary
C0000001052,23,Male
C0000001053,27,Nonbinary
C0000001054,58,Prefer not to say
C0000001055,22,Prefer not to say
C0000001056,45,Nonbinary
C0000001057,42,Male
C0000001058,25,Prefer not to say
C0000001059,56,Female
C0000001060,27,Male
C0000001061,25,Prefer not to say
C0000001062,33,Male
C0000001063,58,Nonbinary
C0000001064,34,Prefer not to say
C0000001065,25,Nonbinary
C0000001066,36,Nonbinary
C0000001067,57,Female
C0000001068,65,Male
C0000001069,39,Male
C0000001070,28,Prefer not to say
C0000001071,19,Nonbinary
C0000001072,39,Female
C0000001073,40,Male
C0000001074,57,Prefer not to say
C0000001075,22,Nonbinary
C0000001076,54,Male
C0000001077,51,Male
C0000001078,55,Female
C0000001079,49,Male
C0000001080,51,Female
C0000001081,40,Male
C0000001082,53,Female
C0000001083,29,Female
C0000001084,43,Female
C0000001085,56,Prefer not to say
C0000001086,40,Female
C0000001087,35,Nonbinary
C0000001088,53,Female
C0000001089,31,Prefer not to say
C0000001090,38,Female
C0000001091,35,Male
C0000001092,23,Nonbinary
C0000001093,37,Nonbinary
C0000001094,20,Male
C0000001095,57,Male
C0000001096,36,Male
C0000001097,28,Nonbinary
C0000001098,30,Nonbinary
C0000001099,46,Male
C0000001100,44,Prefer not to say
C0000001101,25,Male
C0000001102,55,Prefer not to say
C0000001103,38,Female
C0000001104,36,Female
C0000001105,58,Prefer not to say
C0000001106,61,Nonbinary
C0000001107,20,Male
C0000001108,18,Nonbinary
C0000001109,22,Nonbinary
C0000001110,38,Nonbinary
C0000001111,21,Female
C0000001112,62,Female
C0000001113,34,Male
C0000001114,42,Prefer not to say
C0000001115,35,Female
C0000001116,34,Nonbinary
C0000001117,52,Prefer not to say
C0000001118,46,Male
C0000001119,45,Nonbinary
C0000001120,28,Male
C0000001121,32,Prefer not to say
C0000001122,42,Male
C0000001123,33,Male
C0000001124,37,Male
C0000001125,29,Female
C0000001126,46,Male
C0000001127,41,Prefer not to say
C0000001128,25,Female
C0000001129,49,Nonbinary
C0000001130,35,Prefer not to say
C0000001131,45,Prefer not to say
C0000001132,62,Male
C0000001133,28,Nonbinary
C0000001134,30,Female
C0000001135,27,Female
C0000001136,37,Female
C0000001137,29,Nonbinary
C0000001138,52,Male
C0000001139,29,Female
C0000001140,64,Prefer not to say
C0000001141,63,Female
C0000001142,33,Female
C0000001143,55,Female
C0000001144,65,Female
C0000001145,51,Nonbinary
C0000001146,63,Male
C0000001147,64,Prefer not to say
C0000001148,30,Male
C0000001149,44,Female
C0000001150,42,Prefer not to say
C0000001151,31,Prefer not to say
C0000001152,52,Prefer not to say
C0000001153,24,Female
C0000001154,23,Male
C0000001155,23,Male
C0000001156,65,Female
C0000001157,65,Prefer not to say
C0000001158,46,Nonbinary
C0000001159,44,Nonbinary
C0000001160,60,Prefer not to say
C0000001161,34,Male
C0000001162,28,Female
C0000001163,65,Female
C0000001164,20,Male
C0000001165,50,Male
C0000001166,62,Prefer not to say
C0000001167,33,Prefer not to say
C0000001168,63,Female
C0000001169,56,Nonbinary
C0000001170,18,Female
C0000001171,40,Nonbinary
C0000001172,41,Nonbinary
C0000001173,50,Nonbinary
C0000001174,26,Male
C0000001175,48,Female
C0000001176,56,Prefer not to say
C0000001177,39,Prefer not to say
C0000001178,37,Prefer not to say
C0000001179,26,Prefer not to say
C0000001180,36,Nonbinary
C0000001181,40,Prefer not to say
C0000001182,43,Prefer not to say
C0000001183,62,Nonbinary
C0000001184,61,Female
C0000001185,30,Prefer not to say
C0000001186,31,Nonbinary
C0000001187,50,Female
C0000001188,50,Female
C0000001189,56,Prefer not to say
C0000001190,39,Nonbinary
C0000001191,45,Nonbinary
C0000001192,47,Male
C0000001193,64,Female
C0000001194,34,Prefer not to say
C0000001195,62,Male
C0000001196,19,Female
C0000001197,56,Male
C0000001198,34,Male
C0000001199,31,Female
C0000001200,57,Female
C0000001201,60,Nonbinary
C0000001202,57,Nonbinary
C0000001203,18,Male
C0000001204,19,Female
C0000001205,37,Female
C0000001206,43,Prefer not to say
C0000001207,65,Nonbinary
C0000001208,40,Male
C0000001209,55,Prefer not to say
C0000001210,25,Male
C0000001211,29,Male
C0000001212,56,Nonbinary
C0000001213,40,Female
C0000001214,42,Female
C0000001215,38,Female
C0000001216,29,Prefer not to say
C0000001217,60,Female
C0000001218,57,Prefer not to say
C0000001219,55,Female
C0000001220,18,Male
C0000001221,45,Male
C0000001222,59,Female
C0000001223,50,Male
C0000001224,44,Nonbinary
C0000001225,39,Female
C0000001226,63,Male
C0000001227,39,Female
C0000001228,38,Nonbinary
C0000001229,49,Prefer not to say
C0000001230,56,Nonbinary
C0000001231,35,Male
C0000001232,47,Female
C0000001233,24,Nonbinary
C0000001234,53,Prefer not to say
C0000001235,56,Prefer not to say
C0000001236,44,Female
C0000001237,56,Prefer not to say
C0000001238,26,Male
C0000001239,55,Male
C0000001240,29,Prefer not to say
C0000001241,36,Male
C0000001242,61,Prefer not to say
C0000001243,34,Nonbinary
C0000001244,25,Nonbinary
C0000001245,50,Male
C0000001246,18,Male
C0000001247,56,Male
C0000001248,26,Male
C0000001249,44,Prefer not to say
C0000001250,48,Male
C0000001251,38,Female
C0000001252,23,Prefer not to say
C0000001253,59,Female
C0000001254,21,Female
C0000001255,44,Male
C0000001256,21,Prefer not to say
C0000001257,26,Nonbinary
C0000001258,44,Prefer not to say
C0000001259,52,Male
C0000001260,65,Prefer not to say
C0000001261,52,Female
C0000001262,53,Female
C0000001263,59,Female
C0000001264,55,Female
C0000001265,23,Prefer not to say
C0000001266,36,Nonbinary
C0000001267,34,Female
C0000001268,43,Male
C0000001269,58,Male
C0000001270,51,Male
C0000001271,18,Nonbinary
C0000001272,27,Female
C0000001273,50,Female
C0000001274,25,Nonbinary
C0000001275,18,Nonbinary
C0000001276,27,Nonbinary
C0000001277,55,Male
C0000001278,23,Nonbinary
C0000001279,31,Nonbinary
C0000001280,46,Nonbinary
C0000001281,61,Prefer not to say
C0000001282,48,Male
C0000001283,23,Nonbinary
C0000001284,46,Prefer not to say
C0000001285,43,Prefer not to say
C0000001286,53,Prefer not to say
C0000001287,51,Male
C0000001288,32,Female
C0000001289,59,Prefer not to say
C0000001290,50,Nonbinary
C0000001291,27,Male
C0000001292,27,Female
C0000001293,20,Prefer not to say
C0000001294,59,Male
C0000001295,60,Male
C0000001296,51,Nonbinary
C0000001297,54,Nonbinary
C0000001298,40,Prefer not to say
C0000001299,43,Nonbinary
C0000001300,65,Prefer not to say
C0000001301,50,Nonbinary
C0000001302,32,Male
C0000001303,64,Prefer not to say
C0000001304,41,Nonbinary
C0000001305,50,Male
C0000001306,33,Male
C0000001307,48,Male
C0000001308,41,Prefer not to say
C0000001309,57,Female
C0000001310,52,Male
C0000001311,51,Male
C0000001312,20,Nonbinary
C0000001313,20,Nonbinary
C0000001314,29,Nonbinary
C0000001315,35,Prefer not to say
C0000001316,48,Prefer not to say
C0000001317,18,Female
C0000001318,59,Prefer not to say
C0000001319,65,Nonbinary
C0000001320,61,Female
C0000001321,20,Prefer not to say
C0000001322,51,Female
C0000001323,42,Nonbinary
C0000001324,61,Prefer not to say
C0000001325,31,Male
C0000001326,63,Prefer not to say
C0000001327,57,Female
C0000001328,57,Prefer not to say
C0000001329,38,Nonbinary
C0000001330,45,Female
C0000001331,50,Prefer not to say
C0000001332,43,Female
C0000001333,41,Prefer not to say
C0000001334,36,Female
C0000001335,31,Nonbinary
C0000001336,33,Nonbinary
C0000001337,47,Female
C0000001338,56,Nonbinary
C0000001339,57,Female
C0000001340,38,Female
C0000001341,27,Nonbinary
C0000001342,53,Female
C0000001343,52,Male
C0000001344,46,Prefer not to say
C0000001345,31,Female
C0000001346,56,Nonbinary
C0000001347,56,Female
C0000001348,63,Male
C0000001349,52,Prefer not to say
C0000001350,31,Nonbinary
C0000001351,42,Nonbinary
C0000001352,50,Female
C0000001353,40,Prefer not to say
C0000001354,38,Male
C0000001355,20,Female
C0000001356,30,Female
C0000001357,53,Prefer not to say
C0000001358,23,Nonbinary
C0000001359,50,Nonbinary
C0000001360,62,Prefer not to say
C0000001361,44,Nonbinary
C0000001362,61,Prefer not to say
C0000001363,21,Male
C0000001364,21,Nonbinary
C0000001365,28,Nonbinary
C0000001366,57,Prefer not to say
C0000001367,37,Prefer not to say
C0000001368,48,Nonbinary
C0000001369,32,Male
C0000001370,64,Male
C0000001371,58,Male
C0000001372,50,Male
C0000001373,60,Nonbinary
C0000001374,64,Male
C0000001375,54,Female
C0000001376,19,Male
C0000001377,24,Nonbinary
C0000001378,23,Prefer not to say
C0000001379,63,Female
C0000001380,54,Female
C0000001381,35,Nonbinary
C0000001382,28,Female
C0000001383,55,Female
C0000001384,26,Female
C0000001385,32,Nonbinary
C0000001386,49,Nonbinary
C0000001387,27,Nonbinary
C0000001388,31,Male
C0000001389,26,Prefer not to say
C0000001390,29,Female
C0000001391,55,Male
C0000001392,40,Prefer not to say
C0000001393,61,Female
C0000001394,65,Nonbinary
C0000001395,23,Nonbinary
C0000001396,56,Female
C0000001397,18,Female
C0000001398,31,Male
C0000001399,44,Female
C0000001400,27,Prefer not to say
C0000001401,52,Male
C0000001402,50,Nonbinary
C0000001403,32,Female
C0000001404,47,Nonbinary
C0000001405,60,Prefer not to say
C0000001406,32,Nonbinary
C0000001407,61,Female
C0000001408,24,Nonbinary
C0000001409,49,Nonbinary
C0000001410,40,Nonbinary
C0000001411,31,Nonbinary
C0000001412,53,Prefer not to say
C0000001413,22,Female
C0000001414,42,Male
C0000001415,55,Male
C0000001416,51,Female
C0000001417,63,Prefer not to say
C0000001418,27,Prefer not to say
C0000001419,34,Female
C0000001420,29,Male
C0000001421,34,Prefer not to say
C0000001422,38,Prefer not to say
C0000001423,50,Male
C0000001424,40,Prefer not to say
C0000001425,65,Prefer not to say
C0000001426,53,Female
C0000001427,63,Female
C0000001428,59,Male
C0000001429,37,Prefer not to say
C0000001430,51,Prefer not to say
C0000001431,31,Prefer not to say
C0000001432,31,Prefer not to say
C0000001433,23,Male
C0000001434,52,Prefer not to say
C0000001435,25,Prefer not to say
C0000001436,65,Female
C0000001437,20,Female
C0000001438,32,Female
C0000001439,24,Prefer not to say
C0000001440,44,Male
C0000001441,53,Female
C0000001442,51,Female
C0000001443,31,Prefer not to say
C0000001444,23,Female
C0000001445,24,Female
C0000001446,56,Female
C0000001447,53,Prefer not to say
C0000001448,56,Prefer not to say
C0000001449,59,Nonbinary
C0000001450,61,Prefer not to say
C0000001451,58,Male
C0000001452,40,Nonbinary
C0000001453,31,Male
C0000001454,30,Prefer not to say
C0000001455,31,Female
C0000001456,18,Female
C0000001457,33,Prefer not to say
C0000001458,48,Male
C0000001459,56,Nonbinary
C0000001460,59,Nonbinary
C0000001461,43,Nonbinary
C0000001462,65,Nonbinary
C0000001463,60,Male
C0000001464,57,Male
C0000001465,49,Nonbinary
C0000001466,57,Male
C0000001467,32,Female
C0000001468,44,Female
C0000001469,19,Prefer not to say
C0000001470,36,Female
C0000001471,51,Nonbinary
C0000001472,65,Female
C0000001473,25,Nonbinary
C0000001474,38,Male
C0000001475,41,Female
C0000001476,30,Nonbinary
C0000001477,51,Prefer not to say
C0000001478,59,Prefer not to say
C0000001479,43,Male
C0000001480,27,Prefer not to say
C0000001481,22,Nonbinary
C0000001482,58,Female
C0000001483,51,Female
C0000001484,56,Prefer not to say
C0000001485,40,Female
C0000001486,55,Female
C0000001487,54,Prefer not to say
C0000001488,34,Female
C0000001489,25,Female
C0000001490,26,Prefer not to say
C0000001491,52,Prefer not to say
C0000001492,29,Male
C0000001493,37,Prefer not to say
C0000001494,54,Male
C0000001495,61,Nonbinary
C0000001496,59,Male
C0000001497,24,Prefer not to say
C0000001498,33,Male
C0000001499,19,Male
C0000001500,47,Nonbinary
C0000001501,65,Nonbinary
C0000001502,62,Prefer not to say
C0000001503,28,Female
C0000001504,58,Male
C0000001505,61,Female
C0000001506,49,Female
C0000001507,18,Female
C0000001508,27,Female
C0000001509,58,Female
C0000001510,55,Female
C0000001511,22,Male
C0000001512,35,Male
C0000001513,35,Prefer not to say
C0000001514,54,Nonbinary
C0000001515,55,Prefer not to say
C0000001516,20,Male
C0000001517,27,Prefer not to say
C0000001518,21,Nonbinary
C0000001519,39,Nonbinary
C0000001520,58,Prefer not to say
C0000001521,42,Male
C0000001522,36,Female
C0000001523,31,Male
C0000001524,55,Female
C0000001525,33,Female
C0000001526,46,Nonbinary
C0000001527,18,Nonbinary
C0000001528,44,Female
C0000001529,63,Nonbinary
C0000001530,63,Prefer not to say
C0000001531,30,Nonbinary
C0000001532,24,Prefer not to say
C0000001533,59,Nonbinary
C0000001534,33,Nonbinary
C0000001535,37,Male
C0000001536,41,Female
C0000001537,46,Male
C0000001538,42,Prefer not to say
C0000001539,21,Nonbinary
C0000001540,50,Prefer not to say
C0000001541,47,Female
C0000001542,28,Male
C0000001543,35,Male
C0000001544,42,Nonbinary
C0000001545,30,Prefer not to say
C0000001546,48,Nonbinary
C0000001547,50,Prefer not to say
C0000001548,26,Prefer not to say
C0000001549,35,Female
C0000001550,62,Male
C0000001551,31,Nonbinary
C0000001552,34,Male
C0000001553,60,Male
C0000001554,45,Nonbinary
C0000001555,38,Female
C0000001556,39,Prefer not to say
C0000001557,26,Male
C0000001558,33,Nonbinary
C0000001559,64,Prefer not to say
C0000001560,46,Female
C0000001561,61,Nonbinary
C0000001562,45,Prefer not to say
C0000001563,44,Nonbinary
C0000001564,55,Male
C0000001565,23,Prefer not to say
C0000001566,26,Male
C0000001567,18,Prefer not to say
C0000001568,59,Prefer not to say
C0000001569,33,Prefer not to say
C0000001570,58,Male
C0000001571,44,Male
C0000001572,61,Nonbinary
C0000001573,56,Female
C0000001574,37,Nonbinary
C0000001575,51,Male
C0000001576,53,Nonbinary
C0000001577,18,Female
C0000001578,18,Male
C0000001579,39,Nonbinary
C0000001580,46,Female
C0000001581,33,Nonbinary
C0000001582,60,Prefer not to say
C0000001583,34,Female
C0000001584,46,Prefer not to say
C0000001585,18,Male
C0000001586,18,Male
C0000001587,39,Female
C0000001588,37,Male
C0000001589,50,Nonbinary
C0000001590,23,Male
C0000001591,52,Nonbinary
C0000001592,65,Male
C0000001593,33,Male
C0000001594,61,Female
C0000001595,46,Female
C0000001596,28,Prefer not to say
C0000001597,34,Female
C0000001598,46,Male
C0000001599,53,Prefer not to say
C0000001600,19,Male
C0000001601,24,Nonbinary
C0000001602,23,Prefer not to say
C0000001603,31,Nonbinary
C0000001604,64,Prefer not to say
C0000001605,32,Prefer not to say
C0000001606,59,Nonbinary
C0000001607,29,Prefer not to say
C0000001608,58,Male
C0000001609,55,Prefer not to say
C0000001610,56,Female
C0000001611,36,Nonbinary
C0000001612,50,Nonbinary
C0000001613,48,Prefer not to say
C0000001614,65,Nonbinary
C0000001615,40,Nonbinary
C0000001616,28,Female
C0000001617,32,Prefer not to say
C0000001618,38,Male
C0000001619,41,Prefer not to say
C0000001620,57,Nonbinary
C0000001621,61,Female
C0000001622,19,Male
C0000001623,47,Female
C0000001624,30,Prefer not to say
C0000001625,62,Nonbinary
C0000001626,53,Female
C0000001627,20,Prefer not to say
C0000001628,44,Prefer not to say
C0000001629,46,Nonbinary
C0000001630,18,Female
C0000001631,54,Female
C0000001632,22,Prefer not to say
C0000001633,26,Male
C0000001634,64,Prefer not to say
C0000001635,57,Nonbinary
C0000001636,31,Male
C0000001637,45,Male
C0000001638,52,Prefer not to say
C0000001639,63,Nonbinary
C0000001640,65,Male
C0000001641,30,Nonbinary
C0000001642,44,Prefer not to say
C0000001643,63,Nonbinary
C0000001644,22,Male
C0000001645,23,Nonbinary
C0000001646,42,Prefer not to say
C0000001647,42,Female
C0000001648,36,Prefer not to say
C0000001649,43,Male
C0000001650,58,Prefer not to say
C0000001651,58,Nonbinary
C0000001652,61,Prefer not to say
C0000001653,27,Prefer not to say
C0000001654,61,Prefer not to say
C0000001655,43,Nonbinary
C0000001656,48,Nonbinary
C0000001657,37,Prefer not to say
C0000001658,55,Female
C0000001659,40,Male
C0000001660,45,Prefer not to say
C0000001661,46,Nonbinary
C0000001662,22,Female
C0000001663,39,Female
C0000001664,42,Male
C0000001665,57,Nonbinary
C0000001666,27,Female
C0000001667,49,Male
C0000001668,24,Female
C0000001669,56,Male
C0000001670,32,Female
C0000001671,18,Prefer not to say
C0000001672,61,Prefer not to say
C0000001673,29,Nonbinary
C0000001674,43,Prefer not to say
C0000001675,37,Male
C0000001676,28,Prefer not to say
C0000001677,28,Male
C0000001678,60,Male
C0000001679,48,Nonbinary
C0000001680,64,Nonbinary
C0000001681,37,Prefer not to say
C0000001682,20,Nonbinary
C0000001683,39,Prefer not to say
C0000001684,22,Male
C0000001685,59,Nonbinary
C0000001686,32,Prefer not to say
C0000001687,58,Nonbinary
C0000001688,53,Female
C0000001689,42,Male
C0000001690,45,Male
C0000001691,20,Male
C0000001692,41,Male
C0000001693,36,Nonbinary
C0000001694,21,Male
C0000001695,20,Male
C0000001696,27,Female
C0000001697,48,Male
C0000001698,55,Female
C0000001699,19,Female
C0000001700,24,Male
C0000001701,63,Male
C0000001702,56,Male
C0000001703,30,Male
C0000001704,49,Prefer not to say
C0000001705,23,Male
C0000001706,48,Prefer not to say
C0000001707,50,Female
C0000001708,52,Male
C0000001709,26,Nonbinary
C0000001710,64,Prefer not to say
C0000001711,50,Female
C0000001712,23,Male
C0000001713,64,Female
C0000001714,24,Prefer not to say
C0000001715,41,Nonbinary
C0000001716,53,Prefer not to say
C0000001717,37,Female
C0000001718,54,Male
C0000001719,27,Prefer not to say
C0000001720,41,Nonbinary
C0000001721,40,Nonbinary
C0000001722,19,Male
C0000001723,18,Female
C0000001724,34,Female
C0000001725,59,Female
C0000001726,29,Male
C0000001727,49,Prefer not to say
C0000001728,60,Female
C0000001729,35,Nonbinary
C0000001730,26,Male
C0000001731,29,Nonbinary
C0000001732,65,Nonbinary
C0000001733,30,Male
C0000001734,50,Prefer not to say
C0000001735,27,Nonbinary
C0000001736,38,Female
C0000001737,58,Male
C0000001738,57,Female
C0000001739,40,Prefer not to say
C0000001740,24,Nonbinary
C0000001741,42,Nonbinary
C0000001742,20,Nonbinary
C0000001743,32,Prefer not to say
C0000001744,20,Prefer not to say
C0000001745,52,Nonbinary
C0000001746,28,Nonbinary
C0000001747,20,Nonbinary
C0000001748,64,Male
C0000001749,39,Prefer not to say
C0000001750,18,Nonbinary
C0000001751,32,Female
C0000001752,34,Nonbinary
C0000001753,51,Male
C0000001754,28,Prefer not to say
C0000001755,30,Male
C0000001756,44,Nonbinary
C0000001757,62,Male
C0000001758,34,Male
C0000001759,19,Female
C0000001760,39,Female
C0000001761,43,Female
C0000001762,55,Female
C0000001763,20,Female
C0000001764,47,Prefer not to say
C0000001765,55,Nonbinary
C0000001766,40,Nonbinary
C0000001767,25,Male
C0000001768,44,Nonbinary
C0000001769,29,Prefer not to say
C0000001770,32,Prefer not to say
C0000001771,56,Male
C0000001772,60,Female
C0000001773,57,Prefer not to say
C0000001774,44,Prefer not to say
C0000001775,28,Female
C0000001776,61,Prefer not to say
C0000001777,42,Prefer not to say
C0000001778,65,Female
C0000001779,34,Male
C0000001780,62,Female
C0000001781,54,Male
C0000001782,37,Female
C0000001783,24,Female
C0000001784,34,Female
C0000001785,43,Nonbinary
C0000001786,51,Prefer not to say
C0000001787,38,Prefer not to say
C0000001788,49,Prefer not to say
C0000001789,25,Nonbinary
C0000001790,56,Nonbinary
C0000001791,34,Nonbinary
C0000001792,64,Nonbinary
C0000001793,42,Male
C0000001794,49,Female
C0000001795,45,Nonbinary
C0000001796,64,Prefer not to say
C0000001797,64,Male
C0000001798,19,Prefer not to say
C0000001799,53,Male
C0000001800,35,Male
C0000001801,19,Prefer not to say
C0000001802,61,Prefer not to say
C0000001803,52,Nonbinary
C0000001804,53,Prefer not to say
C0000001805,51,Prefer not to say
C0000001806,53,Prefer not to say
C0000001807,55,Female
C0000001808,55,Male
C0000001809,56,Nonbinary
C0000001810,31,Nonbinary
C0000001811,45,Male
C0000001812,32,Male
C0000001813,28,Prefer not to say
C0000001814,58,Female
C0000001815,49,Nonbinary
C0000001816,46,Female
C0000001817,49,Nonbinary
C0000001818,49,Nonbinary
C0000001819,63,Female
C0000001820,20,Nonbinary
C0000001821,50,Nonbinary
C0000001822,43,Male
C0000001823,37,Female
C0000001824,50,Female
C0000001825,27,Male
C0000001826,39,Female
C0000001827,20,Male
C0000001828,49,Prefer not to say
C0000001829,22,Male
C0000001830,26,Prefer not to say
C0000001831,54,Female
C0000001832,54,Nonbinary
C0000001833,23,Nonbinary
C0000001834,40,Female
C0000001835,47,Nonbinary
C0000001836,20,Nonbinary
C0000001837,24,Male
C0000001838,57,Male
C0000001839,37,Nonbinary
C0000001840,55,Nonbinary
C0000001841,29,Male
C0000001842,60,Prefer not to say
C0000001843,43,Prefer not to say
C0000001844,58,Female
C0000001845,23,Prefer not to say
C0000001846,35,Prefer not to say
C0000001847,45,Prefer not to say
C0000001848,42,Female
C0000001849,45,Female
C0000001850,45,Female
C0000001851,35,Male
C0000001852,26,Prefer not to say
C0000001853,38,Nonbinary
C0000001854,36,Prefer not to say
C0000001855,39,Female
C0000001856,28,Prefer not to say
C0000001857,26,Nonbinary
C0000001858,32,Prefer not to say
C0000001859,27,Male
C0000001860,52,Prefer not to say
C0000001861,64,Nonbinary
C0000001862,29,Male
C0000001863,60,Nonbinary
C0000001864,28,Nonbinary
C0000001865,40,Male
C0000001866,25,Prefer not to say
C0000001867,38,Nonbinary
C0000001868,37,Nonbinary
C0000001869,18,Female
C0000001870,60,Nonbinary
C0000001871,58,Female
C0000001872,28,Female
C0000001873,48,Female
C0000001874,23,Nonbinary
C0000001875,63,Male
C0000001876,21,Prefer not to say
C0000001877,65,Male
C0000001878,43,Prefer not to say
C0000001879,49,Female
C0000001880,63,Female
C0000001881,21,Male
C0000001882,27,Male
C0000001883,43,Male
C0000001884,36,Male
C0000001885,54,Male
C0000001886,31,Nonbinary
C0000001887,43,Female
C0000001888,51,Prefer not to say
C0000001889,62,Nonbinary
C0000001890,39,Female
C0000001891,59,Prefer not to say
C0000001892,34,Female
C0000001893,28,Male
C0000001894,31,Nonbinary
C0000001895,61,Prefer not to say
C0000001896,60,Male
C0000001897,39,Prefer not to say
C0000001898,37,Prefer not to say
C0000001899,21,Female
C0000001900,40,Female
C0000001901,49,Female
C0000001902,32,Male
C0000001903,26,Prefer not to say
C0000001904,45,Male
C0000001905,41,Female
C0000001906,25,Nonbinary
C0000001907,26,Female
C0000001908,33,Nonbinary
C0000001909,60,Prefer not to say
C0000001910,39,Prefer not to say
C0000001911,50,Nonbinary
C0000001912,36,Male
C0000001913,57,Female
C0000001914,35,Female
C0000001915,50,Male
C0000001916,37,Prefer not to say
C0000001917,29,Male
C0000001918,21,Prefer not to say
C0000001919,51,Prefer not to say
C0000001920,44,Nonbinary
C0000001921,56,Nonbinary
C0000001922,32,Nonbinary
C0000001923,49,Female
C0000001924,51,Male
C0000001925,65,Prefer not to say
C0000001926,26,Male
C0000001927,23,Male
C0000001928,26,Male
C0000001929,21,Nonbinary
C0000001930,37,Female
C0000001931,22,Male
C0000001932,32,Female
C0000001933,41,Prefer not to say
C0000001934,59,Nonbinary
C0000001935,44,Female
C0000001936,43,Male
C0000001937,56,Female
C0000001938,54,Male
C0000001939,46,Male
C0000001940,44,Female
C0000001941,30,Male
C0000001942,55,Female
C0000001943,38,Nonbinary
C0000001944,36,Prefer not to say
C0000001945,39,Prefer not to say
C0000001946,49,Nonbinary
C0000001947,35,Nonbinary
C0000001948,46,Nonbinary
C0000001949,43,Nonbinary
C0000001950,43,Nonbinary
C0000001951,62,Male
C0000001952,31,Prefer not to say
C0000001953,37,Prefer not to say
C0000001954,45,Female
C0000001955,29,Prefer not to say
C0000001956,30,Female
C0000001957,57,Female
C0000001958,22,Nonbinary
C0000001959,50,Female
C0000001960,55,Female
C0000001961,60,Prefer not to say
C0000001962,25,Prefer not to say
C0000001963,33,Prefer not to say
C0000001964,29,Male
C0000001965,21,Male
C0000001966,62,Male
C0000001967,65,Male
C0000001968,55,Female
C0000001969,27,Female
C0000001970,59,Nonbinary
C0000001971,41,Male
C0000001972,24,Prefer not to say
C0000001973,49,Female
C0000001974,39,Female
C0000001975,56,Female
C0000001976,56,Prefer not to say
C0000001977,56,Nonbinary
C0000001978,24,Female
C0000001979,44,Male
C0000001980,65,Female
C0000001981,63,Female
C0000001982,29,Nonbinary
C0000001983,35,Nonbinary
C0000001984,28,Prefer not to say
C0000001985,63,Nonbinary
C0000001986,52,Male
C0000001987,23,Prefer not to say
C0000001988,18,Male
C0000001989,30,Nonbinary
C0000001990,45,Female
C0000001991,39,Prefer not to say
C0000001992,55,Male
C0000001993,39,Male
C0000001994,48,Prefer not to say
C0000001995,37,Female
C0000001996,42,Male
C0000001997,40,Nonbinary
C0000001998,28,Male
C0000001999,53,Nonbinary
C0000002000,47,Male
C0000002001,57,Female
C0000002002,27,Nonbinary
C0000002003,61,Prefer not to say
C0000002004,62,Male
C0000002005,42,Nonbinary
C0000002006,47,Nonbinary
C0000002007,19,Prefer not to say
C0000002008,19,Prefer not to say
C0000002009,25,Female
C0000002010,37,Nonbinary
C0000002011,37,Female
C0000002012,49,Prefer not to say
C0000002013,18,Nonbinary
C0000002014,27,Prefer not to say
C0000002015,19,Nonbinary
C0000002016,29,Female
C0000002017,23,Prefer not to say
C0000002018,50,Prefer not to say
C0000002019,52,Female
C0000002020,44,Nonbinary
C0000002021,26,Nonbinary
C0000002022,55,Female
C0000002023,23,Male
C0000002024,33,Male
C0000002025,30,Prefer not to say
C0000002026,63,Female
C0000002027,19,Prefer not to say
C0000002028,39,Nonbinary
C0000002029,40,Nonbinary
C0000002030,46,Male
C0000002031,37,Prefer not to say
C0000002032,45,Female
C0000002033,65,Prefer not to say
C0000002034,18,Prefer not to say
C0000002035,63,Nonbinary
C0000002036,31,Nonbinary
C0000002037,36,Female
C0000002038,29,Nonbinary
C0000002039,30,Male
C0000002040,40,Prefer not to say
C0000002041,27,Nonbinary
C0000002042,34,Female
C0000002043,43,Male
C0000002044,60,Male
C0000002045,29,Prefer not to say
C0000002046,44,Male
C0000002047,22,Female
C0000002048,52,Male
C0000002049,31,Nonbinary
C0000002050,65,Prefer not to say
C0000002051,53,Male
C0000002052,28,Female
C0000002053,56,Male
C0000002054,46,Nonbinary
C0000002055,31,Male
C0000002056,49,Male
C0000002057,19,Male
C0000002058,56,Female
C0000002059,28,Prefer not to say
C0000002060,60,Female
C0000002061,51,Nonbinary
C0000002062,54,Male
C0000002063,27,Nonbinary
C0000002064,52,Male
C0000002065,57,Nonbinary
C0000002066,59,Nonbinary
C0000002067,52,Female
C0000002068,55,Nonbinary
C0000002069,18,Prefer not to say
C0000002070,40,Male
C0000002071,39,Nonbinary
C0000002072,40,Male
C0000002073,37,Female
C0000002074,40,Male
C0000002075,64,Male
C0000002076,59,Prefer not to say
C0000002077,18,Prefer not to say
C0000002078,32,Prefer not to say
C0000002079,54,Prefer not to say
C0000002080,36,Male
C0000002081,29,Prefer not to say
C0000002082,52,Male
C0000002083,59,Male
C0000002084,60,Male
C0000002085,23,Female
C0000002086,43,Prefer not to say
C0000002087,56,Female
C0000002088,64,Female
C0000002089,59,Male
C0000002090,19,Male
C0000002091,43,Prefer not to say
C0000002092,36,Female
C0000002093,42,Male
C0000002094,60,Nonbinary
C0000002095,58,Prefer not to say
C0000002096,51,Female
C0000002097,50,Nonbinary
C0000002098,56,Female
C0000002099,61,Male
C0000002100,44,Prefer not to say
C0000002101,50,Male
C0000002102,30,Nonbinary
C0000002103,47,Female
C0000002104,54,Female
C0000002105,31,Male
C0000002106,30,Male
C0000002107,36,Nonbinary
C0000002108,39,Nonbinary
C0000002109,27,Female
C0000002110,54,Prefer not to say
C0000002111,35,Male
C0000002112,42,Male
C0000002113,54,Prefer not to say
C0000002114,28,Prefer not to say
C0000002115,32,Prefer not to say
C0000002116,42,Female
C0000002117,53,Prefer not to say
C0000002118,57,Nonbinary
C0000002119,20,Female
C0000002120,31,Prefer not to say
C0000002121,49,Female
C0000002122,54,Male
C0000002123,52,Male
C0000002124,27,Female
C0000002125,37,Male
C0000002126,38,Male
C0000002127,26,Female
C0000002128,52,Prefer not to say
C0000002129,34,Male
C0000002130,41,Female
C0000002131,20,Female
C0000002132,63,Prefer not to say
C0000002133,60,Nonbinary
C0000002134,44,Male
C0000002135,33,Nonbinary
C0000002136,30,Nonbinary
C0000002137,60,Male
C0000002138,62,Nonbinary
C0000002139,49,Nonbinary
C0000002140,36,Male
C0000002141,34,Male
C0000002142,40,Nonbinary
C0000002143,30,Nonbinary
C0000002144,32,Female
C0000002145,30,Female
C0000002146,61,Prefer not to say
C0000002147,25,Nonbinary
C0000002148,60,Female
C0000002149,40,Prefer not to say
C0000002150,19,Male
C0000002151,52,Prefer not to say
C0000002152,61,Male
C0000002153,34,Female
C0000002154,50,Nonbinary
C0000002155,65,Male
C0000002156,24,Prefer not to say
C0000002157,61,Nonbinary
C0000002158,29,Female
C0000002159,25,Nonbinary
C0000002160,64,Nonbinary
C0000002161,29,Prefer not to say
C0000002162,36,Female
C0000002163,52,Female
C0000002164,22,Prefer not to say
C0000002165,30,Nonbinary
C0000002166,45,Nonbinary
C0000002167,38,Male
C0000002168,26,Prefer not to say
C0000002169,58,Nonbinary
C0000002170,50,Female
C0000002171,22,Prefer not to say
C0000002172,43,Prefer not to say
C0000002173,38,Nonbinary
C0000002174,48,Female
C0000002175,36,Male
C0000002176,44,Male
C0000002177,47,Female
C0000002178,22,Male
C0000002179,43,Female
C0000002180,36,Male
C0000002181,45,Nonbinary
C0000002182,52,Male
C0000002183,54,Male
C0000002184,43,Prefer not to say
C0000002185,51,Nonbinary
C0000002186,32,Female
C0000002187,28,Male
C0000002188,25,Female
C0000002189,36,Nonbinary
C0000002190,49,Female
C0000002191,45,Female
C0000002192,56,Female
C0000002193,39,Female
C0000002194,60,Male
C0000002195,39,Female
C0000002196,24,Nonbinary
C0000002197,56,Female
C0000002198,24,Male
C0000002199,65,Prefer not to say
C0000002200,51,Prefer not to say
C0000002201,36,Nonbinary
C0000002202,57,Male
C0000002203,31,Male
C0000002204,58,Prefer not to say
C0000002205,34,Nonbinary
C0000002206,32,Nonbinary
C0000002207,34,Male
C0000002208,46,Female
C0000002209,20,Male
C0000002210,46,Nonbinary
C0000002211,39,Nonbinary
C0000002212,46,Male
C0000002213,39,Nonbinary
C0000002214,58,Female
C0000002215,40,Nonbinary
C0000002216,40,Prefer not to say
C0000002217,30,Male
C0000002218,43,Nonbinary
C0000002219,43,Male
C0000002220,52,Male
C0000002221,38,Male
C0000002222,45,Female
C0000002223,23,Female
C0000002224,21,Nonbinary
C0000002225,30,Nonbinary
C0000002226,33,Male
C0000002227,32,Prefer not to say
C0000002228,38,Nonbinary
C0000002229,19,Male
C0000002230,47,Nonbinary
C0000002231,58,Prefer not to say
C0000002232,31,Female
C0000002233,64,Prefer not to say
C0000002234,18,Female
C0000002235,18,Female
C0000002236,54,Male
C0000002237,23,Nonbinary
C0000002238,21,Female
C0000002239,32,Prefer not to say
C0000002240,34,Nonbinary
C0000002241,54,Nonbinary
C0000002242,65,Nonbinary
C0000002243,59,Prefer not to say
C0000002244,57,Male
C0000002245,33,Female
C0000002246,65,Female
C0000002247,32,Male
C0000002248,26,Male
C0000002249,20,Male
C0000002250,55,Prefer not to say
C0000002251,47,Prefer not to say
C0000002252,43,Male
C0000002253,65,Nonbinary
C0000002254,63,Female
C0000002255,26,Nonbinary
C0000002256,53,Nonbinary
C0000002257,61,Prefer not to say
C0000002258,56,Male
C0000002259,47,Female
C0000002260,43,Nonbinary
C0000002261,53,Nonbinary
C0000002262,65,Male
C0000002263,38,Nonbinary
C0000002264,62,Nonbinary
C0000002265,46,Prefer not to say
C0000002266,24,Nonbinary
C0000002267,38,Male
C0000002268,63,Prefer not to say
C0000002269,39,Male
C0000002270,24,Nonbinary
C0000002271,55,Male
C0000002272,53,Female
C0000002273,54,Male
C0000002274,19,Male
C0000002275,37,Prefer not to say
C0000002276,25,Male
C0000002277,49,Female
C0000002278,35,Nonbinary
C0000002279,34,Female
C0000002280,65,Prefer not to say
C0000002281,56,Prefer not to say
C0000002282,48,Nonbinary
C0000002283,39,Male
C0000002284,54,Nonbinary
C0000002285,24,Nonbinary
C0000002286,62,Male
C0000002287,27,Prefer not to say
C0000002288,47,Nonbinary
C0000002289,40,Nonbinary
C0000002290,57,Female
C0000002291,63,Female
C0000002292,53,Prefer not to say
C0000002293,47,Nonbinary
C0000002294,48,Male
C0000002295,23,Female
C0000002296,53,Male
C0000002297,34,Nonbinary
C0000002298,39,Nonbinary
C0000002299,21,Prefer not to say
C0000002300,60,Nonbinary
C0000002301,29,Nonbinary
C0000002302,48,Male
C0000002303,52,Nonbinary
C0000002304,38,Nonbinary
C0000002305,57,Nonbinary
C0000002306,22,Nonbinary
C0000002307,19,Prefer not to say
C0000002308,57,Female
C0000002309,40,Nonbinary
C0000002310,62,Nonbinary
C0000002311,49,Male
C0000002312,46,Female
C0000002313,33,Nonbinary
C0000002314,32,Male
C0000002315,59,Male
C0000002316,42,Prefer not to say
C0000002317,42,Male
C0000002318,38,Male
C0000002319,61,Male
C0000002320,47,Nonbinary
C0000002321,31,Female
C0000002322,47,Male
C0000002323,62,Prefer not to say
C0000002324,53,Male
C0000002325,34,Male
C0000002326,26,Male
C0000002327,18,Nonbinary
C0000002328,45,Nonbinary
C0000002329,22,Nonbinary
C0000002330,48,Nonbinary
C0000002331,34,Nonbinary
C0000002332,32,Male
C0000002333,65,Female
C0000002334,46,Male
C0000002335,61,Prefer not to say
C0000002336,38,Male
C0000002337,51,Female
C0000002338,63,Male
C0000002339,53,Female
C0000002340,19,Nonbinary
C0000002341,27,Female
